Workbook

Sheet Executive_Summary
A1: APAC HYPERSCALE DATA CENTER LIGHTNING RISK ASSESSMENT & PROTECTION WORKBOOK (v2.5.0)
A2: Pre-Calibrated for Hong Kong (EMSD), Indonesia (SNI 03-7015 / Reference), and Malaysia (MS IEC 62305) | 100% Formula-Driven per IEC 62305-2:2010 & BS EN 62305-2:2012
A4: HONG KONG DC (TKO) | C4: INDONESIA REF (BASELINE) | E4: INDONESIA CIKARANG (TD=140) | G4: MALAYSIA JOHOR DC (TD=165) | I4: STATUTORY LIMIT (RT1)
A5: =HKG_DataCenter!I37 | C5: =IDN_Ref_Baseline!I37 | E5: =IDN_Cikarang_Tropical!I37 | G5: =MYS_Johor_DataCenter!I37 | I5: 1
A6: R1 (×10⁻⁵) | Class I LPS PASS | C6: R1 (×10⁻⁵) | Reproduces 0.72e-5 | E6: R1 (×10⁻⁵) | Class I Enhanced PASS | G6: R1 (×10⁻⁵) | Class I Enhanced PASS | I6: Max Tolerable Life Risk (×10⁻⁵/yr)
A8: 1. Tri-Regional Data Center Risk Assessment Summary (Unprotected vs. Target Protected State)
A9: Regional Facility Profile | B9: Governing Code | C9: Td (days/yr) | D9: Ng (fl/km²/yr) | E9: Collection Area AD (m²) | F9: Direct Flashes ND (/yr) | G9: Unprotected R1 (×10⁻⁵) | H9: Protected R1 (×10⁻⁵) | I9: Protected R2 (×10⁻³) | J9: Compliance Status
A10: Hong Kong SAR — TKO Hyperscale DC | B10: EMSD CoP / BS EN 62305-2 | C10: =HKG_DataCenter!E10 | D10: =HKG_DataCenter!E11 | E10: =HKG_DataCenter!E8 | F10: =HKG_DataCenter!E12 | G10: =HKG_DataCenter!E37 | H10: =HKG_DataCenter!I37 | I10: =HKG_DataCenter!I38 | J10: =HKG_DataCenter!I40
A11: Indonesia — Reference Reference Baseline | B11: BS EN 62305-2:2012 | C11: =IDN_Ref_Baseline!E10 | D11: =IDN_Ref_Baseline!E11 | E11: =IDN_Ref_Baseline!E8 | F11: =IDN_Ref_Baseline!E12 | G11: =IDN_Ref_Baseline!E37 | H11: =IDN_Ref_Baseline!I37 | I11: =IDN_Ref_Baseline!I38 | J11: =IDN_Ref_Baseline!I40
A12: Indonesia — Cikarang Tropical DC (High Strike) | B12: SNI 03-7015 / IEC 62305-2 | C12: =IDN_Cikarang_Tropical!E10 | D12: =IDN_Cikarang_Tropical!E11 | E12: =IDN_Cikarang_Tropical!E8 | F12: =IDN_Cikarang_Tropical!E12 | G12: =IDN_Cikarang_Tropical!E37 | H12: =IDN_Cikarang_Tropical!I37 | I12: =IDN_Cikarang_Tropical!I38 | J12: =IDN_Cikarang_Tropical!I40
A13: Malaysia — Johor Bahru / KL Hyperscale DC | B13: MS IEC 62305 (ST) | C13: =MYS_Johor_DataCenter!E10 | D13: =MYS_Johor_DataCenter!E11 | E13: =MYS_Johor_DataCenter!E8 | F13: =MYS_Johor_DataCenter!E12 | G13: =MYS_Johor_DataCenter!E37 | H13: =MYS_Johor_DataCenter!I37 | I13: =MYS_Johor_DataCenter!I38 | J13: =MYS_Johor_DataCenter!I40
A16: 2. Side-by-Side R1 Human Life Risk (×10⁻⁵/yr) Across All 5 LPS Protection Levels (Tolerable Limit RT1 = 1.00 × 10⁻⁵)
A17: Regional Facility Profile | B17: No Protection | C17: Class IV LPS | D17: Class III LPS | E17: Class II LPS | F17: Class I / Enhanced | G17: Tolerable Limit RT1 | H17: Rolling Sphere r (m) | I17: Min Separation s (m) | J17: Selected LPS Class
A18: Hong Kong SAR — TKO Hyperscale DC | B18: =HKG_DataCenter!E37 | C18: =HKG_DataCenter!F37 | D18: =HKG_DataCenter!G37 | E18: =HKG_DataCenter!H37 | F18: =HKG_DataCenter!I37 | G18: 1 | H18: =IEC62305_3_4_LPS_SPD!C5 | I18: =IEC62305_3_4_LPS_SPD!H5 | J18: =IEC62305_3_4_LPS_SPD!B5
A19: Indonesia — Reference Reference Baseline | B19: =IDN_Ref_Baseline!E37 | C19: =IDN_Ref_Baseline!F37 | D19: =IDN_Ref_Baseline!G37 | E19: =IDN_Ref_Baseline!H37 | F19: =IDN_Ref_Baseline!I37 | G19: 1 | H19: =IEC62305_3_4_LPS_SPD!C6 | I19: =IEC62305_3_4_LPS_SPD!H6 | J19: =IEC62305_3_4_LPS_SPD!B6
A20: Indonesia — Cikarang Tropical DC (High Strike) | B20: =IDN_Cikarang_Tropical!E37 | C20: =IDN_Cikarang_Tropical!F37 | D20: =IDN_Cikarang_Tropical!G37 | E20: =IDN_Cikarang_Tropical!H37 | F20: =IDN_Cikarang_Tropical!I37 | G20: 1 | H20: =IEC62305_3_4_LPS_SPD!C7 | I20: =IEC62305_3_4_LPS_SPD!H7 | J20: =IEC62305_3_4_LPS_SPD!B7
A21: Malaysia — Johor Bahru / KL Hyperscale DC | B21: =MYS_Johor_DataCenter!E37 | C21: =MYS_Johor_DataCenter!F37 | D21: =MYS_Johor_DataCenter!G37 | E21: =MYS_Johor_DataCenter!H37 | F21: =MYS_Johor_DataCenter!I37 | G21: 1 | H21: =IEC62305_3_4_LPS_SPD!C8 | I21: =IEC62305_3_4_LPS_SPD!H8 | J21: =IEC62305_3_4_LPS_SPD!B8
A24: 3. IEC 62305-2 Ed.2 Dual-Line (Power + Telecom + Adj NDJ) vs. Ed.3 Simplified Single-Line Mode Comparison
A25: Regional Facility Profile | B25: Ed.2 Unprotected R1 (×10⁻⁵) | C25: Ed.3 Single-Line Unprotected R1 (×10⁻⁵) | D25: Ed.2 Class I Protected R1 (×10⁻⁵) | E25: Ed.3 Single-Line Protected R1 (×10⁻⁵) | F25: Ed.3 vs Ed.2 Protected Delta (%) | G25: Active Rolling Sphere r (m) | H25: Rooftop Mast Protected Span rp (m) | I25: Required Separation s = (ki/km)·kc·l (m) | J25: Dual-Mode Compliance Status
A26: Hong Kong SAR — TKO Hyperscale DC | B26: =HKG_DataCenter!E37 | C26: =HKG_DataCenter!E41 | D26: =HKG_DataCenter!I37 | E26: =HKG_DataCenter!I41 | F26: =(E26-D26)/D26 | G26: =IEC62305_3_4_LPS_SPD!C5 | H26: =IEC62305_3_4_LPS_SPD!G5 | I26: =IEC62305_3_4_LPS_SPD!H5 | J26: =IF(AND(D26<=1, E26<=1), "PASS (Ed.2 & Ed.3 Compliant)", "FAIL")
A27: Indonesia — Reference Reference Baseline | B27: =IDN_Ref_Baseline!E37 | C27: =IDN_Ref_Baseline!E41 | D27: =IDN_Ref_Baseline!I37 | E27: =IDN_Ref_Baseline!I41 | F27: =(E27-D27)/D27 | G27: =IEC62305_3_4_LPS_SPD!C6 | H27: =IEC62305_3_4_LPS_SPD!G6 | I27: =IEC62305_3_4_LPS_SPD!H6 | J27: =IF(AND(D27<=1, E27<=1), "PASS (Ed.2 & Ed.3 Compliant)", "FAIL")
A28: Indonesia — Cikarang Tropical DC (High Strike) | B28: =IDN_Cikarang_Tropical!E37 | C28: =IDN_Cikarang_Tropical!E41 | D28: =IDN_Cikarang_Tropical!I37 | E28: =IDN_Cikarang_Tropical!I41 | F28: =(E28-D28)/D28 | G28: =IEC62305_3_4_LPS_SPD!C7 | H28: =IEC62305_3_4_LPS_SPD!G7 | I28: =IEC62305_3_4_LPS_SPD!H7 | J28: =IF(AND(D28<=1, E28<=1), "PASS (Ed.2 & Ed.3 Compliant)", "FAIL")
A29: Malaysia — Johor Bahru / KL Hyperscale DC | B29: =MYS_Johor_DataCenter!E37 | C29: =MYS_Johor_DataCenter!E41 | D29: =MYS_Johor_DataCenter!I37 | E29: =MYS_Johor_DataCenter!I41 | F29: =(E29-D29)/D29 | G29: =IEC62305_3_4_LPS_SPD!C8 | H29: =IEC62305_3_4_LPS_SPD!G8 | I29: =IEC62305_3_4_LPS_SPD!H8 | J29: =IF(AND(D29<=1, E29<=1), "PASS (Ed.2 & Ed.3 Compliant)", "FAIL")

Sheet HKG_DataCenter
A1: IEC 62305-2 / BS EN 62305-2 LIGHTNING RISK CALCULATION SHEET — HONG KONG SAR — TKO HYPERSCALE DATA CENTER (80m × 50m × 24m)
A2: Governing Standard: EMSD CoP / BS EN 62305-2:2012 | Meteorological Authority: Hong Kong Observatory (HKO) | Dual-Line (Power + Telecom) & Adjacent Structure Model
A4: Parameter / Risk Component Description | B4: Symbol | C4: IEC Clause / Ref | D4: Unit / Mode | E4: No Protection | F4: Class IV LPS | G4: Class III LPS | H4: Class II LPS | I4: Class I LPS (Target)
A5: Structure Length | B5: L | C5: Annex A.2 | D5: m | E5: 80 | F5: 80 | G5: 80 | H5: 80 | I5: 80
A6: Structure Width | B6: W | C6: Annex A.2 | D6: m | E6: 50 | F6: 50 | G6: 50 | H6: 50 | I6: 50
A7: Structure Max Height | B7: H | C7: Annex A.2 | D7: m | E7: 24 | F7: 24 | G7: 24 | H7: 24 | I7: 24
A8: Collection Area of Isolated Structure | B8: AD | C8: Eq. A.2 | D8: m² | E8: =(E5*E6)+(6*E7*(E5+E6))+(PI()*9*E7*E7) | F8: =(F5*F6)+(6*F7*(F5+F6))+(PI()*9*F7*F7) | G8: =(G5*G6)+(6*G7*(G5+G6))+(PI()*9*G7*G7) | H8: =(H5*H6)+(6*H7*(H5+H6))+(PI()*9*H7*H7) | I8: =(I5*I6)+(6*I7*(I5+I6))+(PI()*9*I7*I7)
A9: Location Factor of Structure | B9: CD | C9: Table A.1 | D9: factor | E9: 0.5 | F9: 0.5 | G9: 0.5 | H9: 0.5 | I9: 0.5
A10: Thunderstorm Days per Year | B10: TD | C10: Meteorological | D10: days/yr | E10: 42 | F10: 42 | G10: 42 | H10: 42 | I10: 42
A11: Lightning Ground Flash Density | B11: NG | C11: Eq. A.1 / Network | D11: fl/km²/yr | E11: 4.5 | F11: 4.5 | G11: 4.5 | H11: 4.5 | I11: 4.5
A12: Annual Direct Flashes to Structure | B12: ND | C12: Eq. A.4 | D12: events/yr | E12: =E11*E8*E9*0.000001 | F12: =F11*F8*F9*0.000001 | G12: =G11*G8*G9*0.000001 | H12: =H11*H8*H9*0.000001 | I12: =I11*I8*I9*0.000001
A13: Collection Area of Flashes Near Structure | B13: AM | C13: Eq. A.7 | D13: m² | E13: =2*500*(E5+E6)+(PI()*500*500) | F13: =2*500*(F5+F6)+(PI()*500*500) | G13: =2*500*(G5+G6)+(PI()*500*500) | H13: =2*500*(H5+H6)+(PI()*500*500) | I13: =2*500*(I5+I6)+(PI()*500*500)
A14: Annual Flashes Near Structure | B14: NM | C14: Eq. A.6 | D14: events/yr | E14: =E11*E13*0.000001 | F14: =F11*F13*0.000001 | G14: =G11*G13*0.000001 | H14: =H11*H13*0.000001 | I14: =I11*I13*0.000001
A15: Incoming Service Route Length (Power & Telecom) | B15: LL | C15: Table A.2 / E.2 | D15: m | E15: 500 | F15: 500 | G15: 500 | H15: 500 | I15: 500
A16: Line Installation & Environmental Product (CI × CE × CT) | B16: CI·CE·CT | C16: Table A.2–A.4 | D16: factor | E16: 0.05 | F16: 0.05 | G16: 0.05 | H16: 0.05 | I16: 0.05
A17: Adjacent Structure Collection Area & Events (NDJ) | B17: NDJ | C17: Eq. A.5 | D17: events/yr | E17: =E11*42420*0.5*1*0.000001 | F17: =F11*42420*0.5*1*0.000001 | G17: =G11*42420*0.5*1*0.000001 | H17: =H11*42420*0.5*1*0.000001 | I17: =I11*42420*0.5*1*0.000001
A18: Annual Flashes to & Near Connected Line (NL / NI per service) | B18: NL_P / NI_P | C18: Eq. A.8 / A.10 | D18: events/yr | E18: =E11*(40*E15)*E16*0.000001 | F18: =F11*(40*F15)*F16*0.000001 | G18: =G11*(40*G15)*G16*0.000001 | H18: =H11*(40*H15)*H16*0.000001 | I18: =I11*(40*I15)*I16*0.000001
A19: Touch & Step Voltage Protection Factor | B19: PTA | C19: Table B.1 | D19: prob | E19: 1 | F19: 0.01 | G19: 0.01 | H19: 0.01 | I19: 0.01
A20: Physical Damage Probability (External LPS Class) | B20: PB | C20: Table B.2 | D20: prob | E20: 1 | F20: 0.2 | G20: 0.1 | H20: 0.05 | I20: 0.02
A21: Shock Probability from Direct Flash (PA = PTA × PB) | B21: PA | C21: Eq. B.1 | D21: prob | E21: =E19*E20 | F21: =F19*F20 | G21: =G19*G20 | H21: =H19*H20 | I21: =I19*I20
A22: Coordinated SPD Protection Probability (PC = PSPD × CLD) | B22: PSPD / PC | C22: Table B.3 | D22: prob | E22: 1 | F22: 0.05 | G22: 0.05 | H22: 0.02 | I22: 0.01
A23: LPS Mesh Width & Spatial Shielding Factor (wm) | B23: wm | C23: IEC 62305-3 | D23: m | E23: 0 | F23: 60 | G23: 45 | H23: 30 | I23: 20
A24: Internal Magnetic Surge Probability (PM = PSPD × PMS) | B24: PM | C24: Eq. B.4 | D24: prob | E24: =E22*(((IF(E23>0,0.12*E23,1)*IF(E23>0,0.12*E23,1)*0.0001*(1/4)))^2) | F24: =F22*(((IF(F23>0,0.12*F23,1)*IF(F23>0,0.12*F23,1)*0.0001*(1/4)))^2) | G24: =G22*(((IF(G23>0,0.12*G23,1)*IF(G23>0,0.12*G23,1)*0.0001*(1/4)))^2) | H24: =H22*(((IF(H23>0,0.12*H23,1)*IF(H23>0,0.12*H23,1)*0.0001*(1/4)))^2) | I24: =I22*(((IF(I23>0,0.12*I23,1)*IF(I23>0,0.12*I23,1)*0.0001*(1/4)))^2)
A25: Equipotential Bonding Probability at Line Entrance (PEB) | B25: PEB / PV | C25: Table B.7 | D25: prob | E25: 0.05 | F25: 0.05 | G25: 0.05 | H25: 0.02 | I25: 0.01
A26: Service Line Shock Probability (PU = PTU × PEB × PLD × CLD) | B26: PU | C26: Eq. B.8 | D26: prob | E26: =0.01*E25*1*1 | F26: =0.01*F25*1*1 | G26: =0.01*G25*1*1 | H26: =0.01*H25*1*1 | I26: =0.01*I25*1*1
A27: Induced Line Surge Failure Probability (PZ_P + PZ_T) | B27: PZ_sum | C27: Eq. B.11 | D27: prob | E27: =E22*(0.16+0.08)*0.3 | F27: =F22*(0.16+0.08)*0.3 | G27: =G22*(0.16+0.08)*0.3 | H27: =H22*(0.16+0.08)*0.3 | I27: =I22*(0.16+0.08)*0.3
A28: Loss Factor for Touch & Step Shock (LA1 = rt × LT1 × nZ/nt) | B28: LA1 | C28: Eq. C.1 | D28: loss | E28: 0.0001 | F28: 0.0001 | G28: 0.0001 | H28: 0.0001 | I28: 0.0001
A29: Loss Factor for Physical Fire Damage (LB1 = LV1 = rp×rf×hz×LF1×nZ/nt) | B29: LB1 / LV1 | C29: Eq. C.3 | D29: loss | E29: 8e-05 | F29: 8e-05 | G29: 8e-05 | H29: 8e-05 | I29: 8e-05
A30: Loss Factor for Internal Systems Failure (LC1 / LC2 / LC4) | B30: LC2 (Pub) | C30: Eq. C.8 | D30: loss | E30: 0.01 | F30: 0.01 | G30: 0.01 | H30: 0.01 | I30: 0.01
A31: RA: Injury due to Touch & Step Voltage (Direct Strike S1) | B31: RA (×10⁻⁵) | C31: ND×PA×LA1 | D31: ×10⁻⁵/yr | E31: =E12*E21*E28*100000 | F31: =F12*F21*F28*100000 | G31: =G12*G21*G28*100000 | H31: =H12*H21*H28*100000 | I31: =I12*I21*I28*100000
A32: RB: Physical Fire Damage to Structure (Direct Strike S1) | B32: RB (×10⁻⁵) | C32: ND×PB×LB1 | D32: ×10⁻⁵/yr | E32: =E12*E20*E29*100000 | F32: =F12*F20*F29*100000 | G32: =G12*G20*G29*100000 | H32: =H12*H20*H29*100000 | I32: =I12*I20*I29*100000
A33: RC + RM: Failure of Internal Systems (S1 + S2) | B33: RC+RM (×10⁻⁵) | C33: IEC Table 2 | D33: ×10⁻⁵/yr | E33: =(E12*E22+E14*E24)*0*1*100000 | F33: =(F12*F22+F14*F24)*0*1*100000 | G33: =(G12*G22+G14*G24)*0*1*100000 | H33: =(H12*H22+H14*H24)*0*1*100000 | I33: =(I12*I22+I14*I24)*0*1*100000
A34: RU (Power + Telecom): Injury via Incoming Service Lines (S3) | B34: RU (×10⁻⁵) | C34: 2×(NL+NDJ)×PU×LU1 | D34: ×10⁻⁵/yr | E34: =2*(E18+E17)*E26*(0.01*0.01)*100000 | F34: =2*(F18+F17)*F26*(0.01*0.01)*100000 | G34: =2*(G18+G17)*G26*(0.01*0.01)*100000 | H34: =2*(H18+H17)*H26*(0.01*0.01)*100000 | I34: =2*(I18+I17)*I26*(0.01*0.01)*100000
A35: RV (Power + Telecom): Physical Fire via Service Lines (S3) | B35: RV (×10⁻⁵) | C35: 2×(NL+NDJ)×PV×LV1 | D35: ×10⁻⁵/yr | E35: =2*(E18+E17)*E25*E29*100000 | F35: =2*(F18+F17)*F25*F29*100000 | G35: =2*(G18+G17)*G25*G29*100000 | H35: =2*(H18+H17)*H25*H29*100000 | I35: =2*(I18+I17)*I25*I29*100000
A36: RW + RZ (Power + Telecom): Internal Failure via Lines (S3 + S4) | B36: RW+RZ (×10⁻⁵) | C36: IEC Table 2 | D36: ×10⁻⁵/yr | E36: =(2*(E18+E17)*E22 + (E18*100)*E27)*0*1*100000 | F36: =(2*(F18+F17)*F22 + (F18*100)*F27)*0*1*100000 | G36: =(2*(G18+G17)*G22 + (G18*100)*G27)*0*1*100000 | H36: =(2*(H18+H17)*H22 + (H18*100)*H27)*0*1*100000 | I36: =(2*(I18+I17)*I22 + (I18*100)*I27)*0*1*100000
A37: TOTAL RISK R1: Loss of Human Life (Limit RT1 = 1.00 × 10⁻⁵) | B37: R1 (×10⁻⁵) | C37: Sum(RA..RZ) | D37: ×10⁻⁵/yr | E37: =SUM(E31:E36) | F37: =SUM(F31:F36) | G37: =SUM(G31:G36) | H37: =SUM(H31:H36) | I37: =SUM(I31:I36)
A38: TOTAL RISK R2: Loss of Public Service (Limit RT2 = 1.00 × 10⁻³) | B38: R2 (×10⁻³) | C38: IEC Eq. 2 | D38: ×10⁻³/yr | E38: =((E12*E20 + 2*(E18+E17)*E25)*(0.2*0.01*0.1*1) + (E12*E22 + E14*E24 + 2*(E18+E17)*E22 + (E18*100)*E27)*E30)*1000 | F38: =((F12*F20 + 2*(F18+F17)*F25)*(0.2*0.01*0.1*1) + (F12*F22 + F14*F24 + 2*(F18+F17)*F22 + (F18*100)*F27)*F30)*1000 | G38: =((G12*G20 + 2*(G18+G17)*G25)*(0.2*0.01*0.1*1) + (G12*G22 + G14*G24 + 2*(G18+G17)*G22 + (G18*100)*G27)*G30)*1000 | H38: =((H12*H20 + 2*(H18+H17)*H25)*(0.2*0.01*0.1*1) + (H12*H22 + H14*H24 + 2*(H18+H17)*H22 + (H18*100)*H27)*H30)*1000 | I38: =((I12*I20 + 2*(I18+I17)*I25)*(0.2*0.01*0.1*1) + (I12*I22 + I14*I24 + 2*(I18+I17)*I22 + (I18*100)*I27)*I30)*1000
A39: TOTAL RISK R4: Economic Value Loss (Limit RT4 = 1.00 × 10⁻³) | B39: R4 (×10⁻³) | C39: IEC Eq. 4 | D39: ×10⁻³/yr | E39: =((E12*E20 + 2*(E18+E17)*E25)*(0.2*0.01*0.1) + (E12*E22 + E14*E24 + 2*(E18+E17)*E22 + (E18*100)*E27)*(0.0001*0.15))*1000 | F39: =((F12*F20 + 2*(F18+F17)*F25)*(0.2*0.01*0.1) + (F12*F22 + F14*F24 + 2*(F18+F17)*F22 + (F18*100)*F27)*(0.0001*0.15))*1000 | G39: =((G12*G20 + 2*(G18+G17)*G25)*(0.2*0.01*0.1) + (G12*G22 + G14*G24 + 2*(G18+G17)*G22 + (G18*100)*G27)*(0.0001*0.15))*1000 | H39: =((H12*H20 + 2*(H18+H17)*H25)*(0.2*0.01*0.1) + (H12*H22 + H14*H24 + 2*(H18+H17)*H22 + (H18*100)*H27)*(0.0001*0.15))*1000 | I39: =((I12*I20 + 2*(I18+I17)*I25)*(0.2*0.01*0.1) + (I12*I22 + I14*I24 + 2*(I18+I17)*I22 + (I18*100)*I27)*(0.0001*0.15))*1000
A40: Statutory Compliance Verdict (R1 ≤ 1.00e-5 AND R2 ≤ 1.00e-3) | B40: Verdict | C40: IEC 62305-2 Sec 5.3 | D40: PASS / FAIL | E40: =IF(AND(E37<=1,E38<=1),"PASS","FAIL") | F40: =IF(AND(F37<=1,F38<=1),"PASS","FAIL") | G40: =IF(AND(G37<=1,G38<=1),"PASS","FAIL") | H40: =IF(AND(H37<=1,H38<=1),"PASS","FAIL") | I40: =IF(AND(I37<=1,I38<=1),"PASS","FAIL")
A41: IEC 62305-2 Ed.3 Simplified Single-Line Mode R1 (1 Line, No Adj NDJ) | B41: R1_Ed3 (×10⁻⁵) | C41: Ed.3 Single-Line | D41: ×10⁻⁵/yr | E41: =E31+E32+E33+((E18*E26*(0.01*0.01))+(E18*E25*E29))*100000 | F41: =F31+F32+F33+((F18*F26*(0.01*0.01))+(F18*F25*F29))*100000 | G41: =G31+G32+G33+((G18*G26*(0.01*0.01))+(G18*G25*G29))*100000 | H41: =H31+H32+H33+((H18*H26*(0.01*0.01))+(H18*H25*H29))*100000 | I41: =I31+I32+I33+((I18*I26*(0.01*0.01))+(I18*I25*I29))*100000

Sheet IDN_Ref_Baseline
A1: IEC 62305-2 / BS EN 62305-2 LIGHTNING RISK CALCULATION SHEET — INDONESIA — Reference REFERENCE WORKBOOK BASELINE (BS EN 62305-2)
A2: Governing Standard: BS EN 62305-2:2012 / IEC 62305-2:2010 | Meteorological Authority: Reference Calculation Sheet Baseline (TD=22, Graphical Ad=61,911m²) | Dual-Line (Power + Telecom) & Adjacent Structure Model
A4: Parameter / Risk Component Description | B4: Symbol | C4: IEC Clause / Ref | D4: Unit / Mode | E4: No Protection | F4: Class IV LPS | G4: Class III LPS | H4: Class II LPS | I4: Class I LPS (Target)
A5: Structure Length | B5: L | C5: Annex A.2 | D5: m | E5: 95.6 | F5: 95.6 | G5: 95.6 | H5: 95.6 | I5: 95.6
A6: Structure Width | B6: W | C6: Annex A.2 | D6: m | E6: 100.2 | F6: 100.2 | G6: 100.2 | H6: 100.2 | I6: 100.2
A7: Structure Max Height | B7: H | C7: Annex A.2 | D7: m | E7: 27 | F7: 27 | G7: 27 | H7: 27 | I7: 27
A8: Collection Area of Structure (Graphical / Complex Roof) | B8: AD | C8: Eq. A.3 / Graphical | D8: m² | E8: 61911 | F8: 61911 | G8: 61911 | H8: 61911 | I8: 61911
A9: Location Factor of Structure | B9: CD | C9: Table A.1 | D9: factor | E9: 0.5 | F9: 0.5 | G9: 0.5 | H9: 0.5 | I9: 0.5
A10: Thunderstorm Days per Year | B10: TD | C10: Meteorological | D10: days/yr | E10: 22 | F10: 22 | G10: 22 | H10: 22 | I10: 22
A11: Lightning Ground Flash Density | B11: NG | C11: Eq. A.1 / Network | D11: fl/km²/yr | E11: 2.2 | F11: 2.2 | G11: 2.2 | H11: 2.2 | I11: 2.2
A12: Annual Direct Flashes to Structure | B12: ND | C12: Eq. A.4 | D12: events/yr | E12: =E11*E8*E9*0.000001 | F12: =F11*F8*F9*0.000001 | G12: =G11*G8*G9*0.000001 | H12: =H11*H8*H9*0.000001 | I12: =I11*I8*I9*0.000001
A13: Collection Area of Flashes Near Structure | B13: AM | C13: Eq. A.7 | D13: m² | E13: =2*500*(E5+E6)+(PI()*500*500) | F13: =2*500*(F5+F6)+(PI()*500*500) | G13: =2*500*(G5+G6)+(PI()*500*500) | H13: =2*500*(H5+H6)+(PI()*500*500) | I13: =2*500*(I5+I6)+(PI()*500*500)
A14: Annual Flashes Near Structure | B14: NM | C14: Eq. A.6 | D14: events/yr | E14: =E11*E13*0.000001 | F14: =F11*F13*0.000001 | G14: =G11*G13*0.000001 | H14: =H11*H13*0.000001 | I14: =I11*I13*0.000001
A15: Incoming Service Route Length (Power & Telecom) | B15: LL | C15: Table A.2 / E.2 | D15: m | E15: 1000 | F15: 1000 | G15: 1000 | H15: 1000 | I15: 1000
A16: Line Installation & Environmental Product (CI × CE × CT) | B16: CI·CE·CT | C16: Table A.2–A.4 | D16: factor | E16: 0.05 | F16: 0.05 | G16: 0.05 | H16: 0.05 | I16: 0.05
A17: Adjacent Structure Collection Area & Events (NDJ) | B17: NDJ | C17: Eq. A.5 | D17: events/yr | E17: =E11*61911*0.5*1*0.000001 | F17: =F11*61911*0.5*1*0.000001 | G17: =G11*61911*0.5*1*0.000001 | H17: =H11*61911*0.5*1*0.000001 | I17: =I11*61911*0.5*1*0.000001
A18: Annual Flashes to & Near Connected Line (NL / NI per service) | B18: NL_P / NI_P | C18: Eq. A.8 / A.10 | D18: events/yr | E18: =E11*(40*E15)*E16*0.000001 | F18: =F11*(40*F15)*F16*0.000001 | G18: =G11*(40*G15)*G16*0.000001 | H18: =H11*(40*H15)*H16*0.000001 | I18: =I11*(40*I15)*I16*0.000001
A19: Touch & Step Voltage Protection Factor | B19: PTA | C19: Table B.1 | D19: prob | E19: 1 | F19: 1 | G19: 1 | H19: 1 | I19: 1
A20: Physical Damage Probability (External LPS Class) | B20: PB | C20: Table B.2 | D20: prob | E20: 1 | F20: 0.2 | G20: 0.1 | H20: 0.05 | I20: 0.02
A21: Shock Probability from Direct Flash (PA = PTA × PB) | B21: PA | C21: Eq. B.1 | D21: prob | E21: =E19*E20 | F21: =F19*F20 | G21: =G19*G20 | H21: =H19*H20 | I21: =I19*I20
A22: Coordinated SPD Protection Probability (PC = PSPD × CLD) | B22: PSPD / PC | C22: Table B.3 | D22: prob | E22: 1 | F22: 0.05 | G22: 0.05 | H22: 0.02 | I22: 0.01
A23: LPS Mesh Width & Spatial Shielding Factor (wm) | B23: wm | C23: IEC 62305-3 | D23: m | E23: 0 | F23: 60 | G23: 45 | H23: 30 | I23: 20
A24: Internal Magnetic Surge Probability (PM = PSPD × PMS) | B24: PM | C24: Eq. B.4 | D24: prob | E24: =E22*(((IF(E23>0,0.12*E23,1)*IF(E23>0,0.12*E23,1)*0.0001*(1/4)))^2) | F24: =F22*(((IF(F23>0,0.12*F23,1)*IF(F23>0,0.12*F23,1)*0.0001*(1/4)))^2) | G24: =G22*(((IF(G23>0,0.12*G23,1)*IF(G23>0,0.12*G23,1)*0.0001*(1/4)))^2) | H24: =H22*(((IF(H23>0,0.12*H23,1)*IF(H23>0,0.12*H23,1)*0.0001*(1/4)))^2) | I24: =I22*(((IF(I23>0,0.12*I23,1)*IF(I23>0,0.12*I23,1)*0.0001*(1/4)))^2)
A25: Equipotential Bonding Probability at Line Entrance (PEB) | B25: PEB / PV | C25: Table B.7 | D25: prob | E25: 0.05 | F25: 0.05 | G25: 0.05 | H25: 0.02 | I25: 0.01
A26: Service Line Shock Probability (PU = PTU × PEB × PLD × CLD) | B26: PU | C26: Eq. B.8 | D26: prob | E26: =0.01*E25*1*1 | F26: =0.01*F25*1*1 | G26: =0.01*G25*1*1 | H26: =0.01*H25*1*1 | I26: =0.01*I25*1*1
A27: Induced Line Surge Failure Probability (PZ_P + PZ_T) | B27: PZ_sum | C27: Eq. B.11 | D27: prob | E27: =E22*(0.16+0.08)*0.3 | F27: =F22*(0.16+0.08)*0.3 | G27: =G22*(0.16+0.08)*0.3 | H27: =H22*(0.16+0.08)*0.3 | I27: =I22*(0.16+0.08)*0.3
A28: Loss Factor for Touch & Step Shock (LA1 = rt × LT1 × nZ/nt) | B28: LA1 | C28: Eq. C.1 | D28: loss | E28: 0.002 | F28: 0.002 | G28: 0.002 | H28: 0.002 | I28: 0.002
A29: Loss Factor for Physical Fire Damage (LB1 = LV1 = rp×rf×hz×LF1×nZ/nt) | B29: LB1 / LV1 | C29: Eq. C.3 | D29: loss | E29: 0.0016 | F29: 0.0016 | G29: 0.0016 | H29: 0.0016 | I29: 0.0016
A30: Loss Factor for Internal Systems Failure (LC1 / LC2 / LC4) | B30: LC2 (Pub) | C30: Eq. C.8 | D30: loss | E30: 0.2 | F30: 0.2 | G30: 0.2 | H30: 0.2 | I30: 0.2
A31: RA: Injury due to Touch & Step Voltage (Direct Strike S1) | B31: RA (×10⁻⁵) | C31: ND×PA×LA1 | D31: ×10⁻⁵/yr | E31: =E12*E21*E28*100000 | F31: =F12*F21*F28*100000 | G31: =G12*G21*G28*100000 | H31: =H12*H21*H28*100000 | I31: =I12*I21*I28*100000
A32: RB: Physical Fire Damage to Structure (Direct Strike S1) | B32: RB (×10⁻⁵) | C32: ND×PB×LB1 | D32: ×10⁻⁵/yr | E32: =E12*E20*E29*100000 | F32: =F12*F20*F29*100000 | G32: =G12*G20*G29*100000 | H32: =H12*H20*H29*100000 | I32: =I12*I20*I29*100000
A33: RC + RM: Failure of Internal Systems (S1 + S2) | B33: RC+RM (×10⁻⁵) | C33: IEC Table 2 | D33: ×10⁻⁵/yr | E33: =(E12*E22+E14*E24)*0*20*100000 | F33: =(F12*F22+F14*F24)*0*20*100000 | G33: =(G12*G22+G14*G24)*0*20*100000 | H33: =(H12*H22+H14*H24)*0*20*100000 | I33: =(I12*I22+I14*I24)*0*20*100000
A34: RU (Power + Telecom): Injury via Incoming Service Lines (S3) | B34: RU (×10⁻⁵) | C34: 2×(NL+NDJ)×PU×LU1 | D34: ×10⁻⁵/yr | E34: =2*(E18+E17)*E26*(0.01*0.01)*100000 | F34: =2*(F18+F17)*F26*(0.01*0.01)*100000 | G34: =2*(G18+G17)*G26*(0.01*0.01)*100000 | H34: =2*(H18+H17)*H26*(0.01*0.01)*100000 | I34: =2*(I18+I17)*I26*(0.01*0.01)*100000
A35: RV (Power + Telecom): Physical Fire via Service Lines (S3) | B35: RV (×10⁻⁵) | C35: 2×(NL+NDJ)×PV×LV1 | D35: ×10⁻⁵/yr | E35: =2*(E18+E17)*E25*E29*100000 | F35: =2*(F18+F17)*F25*F29*100000 | G35: =2*(G18+G17)*G25*G29*100000 | H35: =2*(H18+H17)*H25*H29*100000 | I35: =2*(I18+I17)*I25*I29*100000
A36: RW + RZ (Power + Telecom): Internal Failure via Lines (S3 + S4) | B36: RW+RZ (×10⁻⁵) | C36: IEC Table 2 | D36: ×10⁻⁵/yr | E36: =(2*(E18+E17)*E22 + (E18*100)*E27)*0*20*100000 | F36: =(2*(F18+F17)*F22 + (F18*100)*F27)*0*20*100000 | G36: =(2*(G18+G17)*G22 + (G18*100)*G27)*0*20*100000 | H36: =(2*(H18+H17)*H22 + (H18*100)*H27)*0*20*100000 | I36: =(2*(I18+I17)*I22 + (I18*100)*I27)*0*20*100000
A37: TOTAL RISK R1: Loss of Human Life (Limit RT1 = 1.00 × 10⁻⁵) | B37: R1 (×10⁻⁵) | C37: Sum(RA..RZ) | D37: ×10⁻⁵/yr | E37: =SUM(E31:E36) | F37: =SUM(F31:F36) | G37: =SUM(G31:G36) | H37: =SUM(H31:H36) | I37: =SUM(I31:I36)
A38: TOTAL RISK R2: Loss of Public Service (Limit RT2 = 1.00 × 10⁻³) | B38: R2 (×10⁻³) | C38: IEC Eq. 2 | D38: ×10⁻³/yr | E38: =((E12*E20 + 2*(E18+E17)*E25)*(0.2*0.01*0.1*20) + (E12*E22 + E14*E24 + 2*(E18+E17)*E22 + (E18*100)*E27)*E30)*1000 | F38: =((F12*F20 + 2*(F18+F17)*F25)*(0.2*0.01*0.1*20) + (F12*F22 + F14*F24 + 2*(F18+F17)*F22 + (F18*100)*F27)*F30)*1000 | G38: =((G12*G20 + 2*(G18+G17)*G25)*(0.2*0.01*0.1*20) + (G12*G22 + G14*G24 + 2*(G18+G17)*G22 + (G18*100)*G27)*G30)*1000 | H38: =((H12*H20 + 2*(H18+H17)*H25)*(0.2*0.01*0.1*20) + (H12*H22 + H14*H24 + 2*(H18+H17)*H22 + (H18*100)*H27)*H30)*1000 | I38: =((I12*I20 + 2*(I18+I17)*I25)*(0.2*0.01*0.1*20) + (I12*I22 + I14*I24 + 2*(I18+I17)*I22 + (I18*100)*I27)*I30)*1000
A39: TOTAL RISK R4: Economic Value Loss (Limit RT4 = 1.00 × 10⁻³) | B39: R4 (×10⁻³) | C39: IEC Eq. 4 | D39: ×10⁻³/yr | E39: =((E12*E20 + 2*(E18+E17)*E25)*(0.2*0.01*0.1) + (E12*E22 + E14*E24 + 2*(E18+E17)*E22 + (E18*100)*E27)*(0.0001*0.15))*1000 | F39: =((F12*F20 + 2*(F18+F17)*F25)*(0.2*0.01*0.1) + (F12*F22 + F14*F24 + 2*(F18+F17)*F22 + (F18*100)*F27)*(0.0001*0.15))*1000 | G39: =((G12*G20 + 2*(G18+G17)*G25)*(0.2*0.01*0.1) + (G12*G22 + G14*G24 + 2*(G18+G17)*G22 + (G18*100)*G27)*(0.0001*0.15))*1000 | H39: =((H12*H20 + 2*(H18+H17)*H25)*(0.2*0.01*0.1) + (H12*H22 + H14*H24 + 2*(H18+H17)*H22 + (H18*100)*H27)*(0.0001*0.15))*1000 | I39: =((I12*I20 + 2*(I18+I17)*I25)*(0.2*0.01*0.1) + (I12*I22 + I14*I24 + 2*(I18+I17)*I22 + (I18*100)*I27)*(0.0001*0.15))*1000
A40: Statutory Compliance Verdict (R1 ≤ 1.00e-5 AND R2 ≤ 1.00e-3) | B40: Verdict | C40: IEC 62305-2 Sec 5.3 | D40: PASS / FAIL | E40: =IF(AND(E37<=1,E38<=1),"PASS","FAIL") | F40: =IF(AND(F37<=1,F38<=1),"PASS","FAIL") | G40: =IF(AND(G37<=1,G38<=1),"PASS","FAIL") | H40: =IF(AND(H37<=1,H38<=1),"PASS","FAIL") | I40: =IF(AND(I37<=1,I38<=1),"PASS","FAIL")
A41: IEC 62305-2 Ed.3 Simplified Single-Line Mode R1 (1 Line, No Adj NDJ) | B41: R1_Ed3 (×10⁻⁵) | C41: Ed.3 Single-Line | D41: ×10⁻⁵/yr | E41: =E31+E32+E33+((E18*E26*(0.01*0.01))+(E18*E25*E29))*100000 | F41: =F31+F32+F33+((F18*F26*(0.01*0.01))+(F18*F25*F29))*100000 | G41: =G31+G32+G33+((G18*G26*(0.01*0.01))+(G18*G25*G29))*100000 | H41: =H31+H32+H33+((H18*H26*(0.01*0.01))+(H18*H25*H29))*100000 | I41: =I31+I32+I33+((I18*I26*(0.01*0.01))+(I18*I25*I29))*100000

Sheet IDN_Cikarang_Tropical
A1: IEC 62305-2 / BS EN 62305-2 LIGHTNING RISK CALCULATION SHEET — INDONESIA — GREATER JAKARTA / CIKARANG TROPICAL HYPERSCALE DC (TD=140)
A2: Governing Standard: SNI 03-7015-2004 / IEC 62305-2:2010 (Kementerian ESDM / PLN) | Meteorological Authority: BMKG Indonesia (Td=140 days/yr, Ng=13.50 fl/km²/yr) | Dual-Line (Power + Telecom) & Adjacent Structure Model
A4: Parameter / Risk Component Description | B4: Symbol | C4: IEC Clause / Ref | D4: Unit / Mode | E4: No Protection | F4: Class IV LPS | G4: Class III LPS | H4: Class II LPS | I4: Class I LPS (Target)
A5: Structure Length | B5: L | C5: Annex A.2 | D5: m | E5: 95.6 | F5: 95.6 | G5: 95.6 | H5: 95.6 | I5: 95.6
A6: Structure Width | B6: W | C6: Annex A.2 | D6: m | E6: 100.2 | F6: 100.2 | G6: 100.2 | H6: 100.2 | I6: 100.2
A7: Structure Max Height | B7: H | C7: Annex A.2 | D7: m | E7: 27 | F7: 27 | G7: 27 | H7: 27 | I7: 27
A8: Collection Area of Structure (Graphical / Complex Roof) | B8: AD | C8: Eq. A.3 / Graphical | D8: m² | E8: 61911 | F8: 61911 | G8: 61911 | H8: 61911 | I8: 61911
A9: Location Factor of Structure | B9: CD | C9: Table A.1 | D9: factor | E9: 0.5 | F9: 0.5 | G9: 0.5 | H9: 0.5 | I9: 0.5
A10: Thunderstorm Days per Year | B10: TD | C10: Meteorological | D10: days/yr | E10: 140 | F10: 140 | G10: 140 | H10: 140 | I10: 140
A11: Lightning Ground Flash Density | B11: NG | C11: Eq. A.1 / Network | D11: fl/km²/yr | E11: 13.5 | F11: 13.5 | G11: 13.5 | H11: 13.5 | I11: 13.5
A12: Annual Direct Flashes to Structure | B12: ND | C12: Eq. A.4 | D12: events/yr | E12: =E11*E8*E9*0.000001 | F12: =F11*F8*F9*0.000001 | G12: =G11*G8*G9*0.000001 | H12: =H11*H8*H9*0.000001 | I12: =I11*I8*I9*0.000001
A13: Collection Area of Flashes Near Structure | B13: AM | C13: Eq. A.7 | D13: m² | E13: =2*500*(E5+E6)+(PI()*500*500) | F13: =2*500*(F5+F6)+(PI()*500*500) | G13: =2*500*(G5+G6)+(PI()*500*500) | H13: =2*500*(H5+H6)+(PI()*500*500) | I13: =2*500*(I5+I6)+(PI()*500*500)
A14: Annual Flashes Near Structure | B14: NM | C14: Eq. A.6 | D14: events/yr | E14: =E11*E13*0.000001 | F14: =F11*F13*0.000001 | G14: =G11*G13*0.000001 | H14: =H11*H13*0.000001 | I14: =I11*I13*0.000001
A15: Incoming Service Route Length (Power & Telecom) | B15: LL | C15: Table A.2 / E.2 | D15: m | E15: 500 | F15: 500 | G15: 500 | H15: 500 | I15: 500
A16: Line Installation & Environmental Product (CI × CE × CT) | B16: CI·CE·CT | C16: Table A.2–A.4 | D16: factor | E16: 0.01 | F16: 0.01 | G16: 0.01 | H16: 0.01 | I16: 0.01
A17: Adjacent Structure Collection Area & Events (NDJ) | B17: NDJ | C17: Eq. A.5 | D17: events/yr | E17: =E11*61911*0.5*0.2*0.000001 | F17: =F11*61911*0.5*0.2*0.000001 | G17: =G11*61911*0.5*0.2*0.000001 | H17: =H11*61911*0.5*0.2*0.000001 | I17: =I11*61911*0.5*0.2*0.000001
A18: Annual Flashes to & Near Connected Line (NL / NI per service) | B18: NL_P / NI_P | C18: Eq. A.8 / A.10 | D18: events/yr | E18: =E11*(40*E15)*E16*0.000001 | F18: =F11*(40*F15)*F16*0.000001 | G18: =G11*(40*G15)*G16*0.000001 | H18: =H11*(40*H15)*H16*0.000001 | I18: =I11*(40*I15)*I16*0.000001
A19: Touch & Step Voltage Protection Factor | B19: PTA | C19: Table B.1 | D19: prob | E19: 1 | F19: 0.01 | G19: 0.01 | H19: 0.01 | I19: 0.01
A20: Physical Damage Probability (External LPS Class) | B20: PB | C20: Table B.2 | D20: prob | E20: 1 | F20: 0.2 | G20: 0.1 | H20: 0.05 | I20: 0.01
A21: Shock Probability from Direct Flash (PA = PTA × PB) | B21: PA | C21: Eq. B.1 | D21: prob | E21: =E19*E20 | F21: =F19*F20 | G21: =G19*G20 | H21: =H19*H20 | I21: =I19*I20
A22: Coordinated SPD Protection Probability (PC = PSPD × CLD) | B22: PSPD / PC | C22: Table B.3 | D22: prob | E22: 1 | F22: 0.05 | G22: 0.05 | H22: 0.02 | I22: 0.01
A23: LPS Mesh Width & Spatial Shielding Factor (wm) | B23: wm | C23: IEC 62305-3 | D23: m | E23: 0 | F23: 60 | G23: 45 | H23: 30 | I23: 20
A24: Internal Magnetic Surge Probability (PM = PSPD × PMS) | B24: PM | C24: Eq. B.4 | D24: prob | E24: =E22*(((IF(E23>0,0.12*E23,1)*IF(E23>0,0.12*E23,1)*0.0001*(1/4)))^2) | F24: =F22*(((IF(F23>0,0.12*F23,1)*IF(F23>0,0.12*F23,1)*0.0001*(1/4)))^2) | G24: =G22*(((IF(G23>0,0.12*G23,1)*IF(G23>0,0.12*G23,1)*0.0001*(1/4)))^2) | H24: =H22*(((IF(H23>0,0.12*H23,1)*IF(H23>0,0.12*H23,1)*0.0001*(1/4)))^2) | I24: =I22*(((IF(I23>0,0.12*I23,1)*IF(I23>0,0.12*I23,1)*0.0001*(1/4)))^2)
A25: Equipotential Bonding Probability at Line Entrance (PEB) | B25: PEB / PV | C25: Table B.7 | D25: prob | E25: 0.05 | F25: 0.05 | G25: 0.05 | H25: 0.02 | I25: 0.01
A26: Service Line Shock Probability (PU = PTU × PEB × PLD × CLD) | B26: PU | C26: Eq. B.8 | D26: prob | E26: =0.01*E25*1*1 | F26: =0.01*F25*1*1 | G26: =0.01*G25*1*1 | H26: =0.01*H25*1*1 | I26: =0.01*I25*1*1
A27: Induced Line Surge Failure Probability (PZ_P + PZ_T) | B27: PZ_sum | C27: Eq. B.11 | D27: prob | E27: =E22*(0.16+0.08)*0.3 | F27: =F22*(0.16+0.08)*0.3 | G27: =G22*(0.16+0.08)*0.3 | H27: =H22*(0.16+0.08)*0.3 | I27: =I22*(0.16+0.08)*0.3
A28: Loss Factor for Touch & Step Shock (LA1 = rt × LT1 × nZ/nt) | B28: LA1 | C28: Eq. C.1 | D28: loss | E28: 1e-05 | F28: 1e-05 | G28: 1e-05 | H28: 1e-05 | I28: 1e-05
A29: Loss Factor for Physical Fire Damage (LB1 = LV1 = rp×rf×hz×LF1×nZ/nt) | B29: LB1 / LV1 | C29: Eq. C.3 | D29: loss | E29: 8e-05 | F29: 8e-05 | G29: 8e-05 | H29: 8e-05 | I29: 8e-05
A30: Loss Factor for Internal Systems Failure (LC1 / LC2 / LC4) | B30: LC2 (Pub) | C30: Eq. C.8 | D30: loss | E30: 0.01 | F30: 0.01 | G30: 0.01 | H30: 0.01 | I30: 0.01
A31: RA: Injury due to Touch & Step Voltage (Direct Strike S1) | B31: RA (×10⁻⁵) | C31: ND×PA×LA1 | D31: ×10⁻⁵/yr | E31: =E12*E21*E28*100000 | F31: =F12*F21*F28*100000 | G31: =G12*G21*G28*100000 | H31: =H12*H21*H28*100000 | I31: =I12*I21*I28*100000
A32: RB: Physical Fire Damage to Structure (Direct Strike S1) | B32: RB (×10⁻⁵) | C32: ND×PB×LB1 | D32: ×10⁻⁵/yr | E32: =E12*E20*E29*100000 | F32: =F12*F20*F29*100000 | G32: =G12*G20*G29*100000 | H32: =H12*H20*H29*100000 | I32: =I12*I20*I29*100000
A33: RC + RM: Failure of Internal Systems (S1 + S2) | B33: RC+RM (×10⁻⁵) | C33: IEC Table 2 | D33: ×10⁻⁵/yr | E33: =(E12*E22+E14*E24)*0*1*100000 | F33: =(F12*F22+F14*F24)*0*1*100000 | G33: =(G12*G22+G14*G24)*0*1*100000 | H33: =(H12*H22+H14*H24)*0*1*100000 | I33: =(I12*I22+I14*I24)*0*1*100000
A34: RU (Power + Telecom): Injury via Incoming Service Lines (S3) | B34: RU (×10⁻⁵) | C34: 2×(NL+NDJ)×PU×LU1 | D34: ×10⁻⁵/yr | E34: =2*(E18+E17)*E26*(0.001*0.01)*100000 | F34: =2*(F18+F17)*F26*(0.001*0.01)*100000 | G34: =2*(G18+G17)*G26*(0.001*0.01)*100000 | H34: =2*(H18+H17)*H26*(0.001*0.01)*100000 | I34: =2*(I18+I17)*I26*(0.001*0.01)*100000
A35: RV (Power + Telecom): Physical Fire via Service Lines (S3) | B35: RV (×10⁻⁵) | C35: 2×(NL+NDJ)×PV×LV1 | D35: ×10⁻⁵/yr | E35: =2*(E18+E17)*E25*E29*100000 | F35: =2*(F18+F17)*F25*F29*100000 | G35: =2*(G18+G17)*G25*G29*100000 | H35: =2*(H18+H17)*H25*H29*100000 | I35: =2*(I18+I17)*I25*I29*100000
A36: RW + RZ (Power + Telecom): Internal Failure via Lines (S3 + S4) | B36: RW+RZ (×10⁻⁵) | C36: IEC Table 2 | D36: ×10⁻⁵/yr | E36: =(2*(E18+E17)*E22 + (E18*100)*E27)*0*1*100000 | F36: =(2*(F18+F17)*F22 + (F18*100)*F27)*0*1*100000 | G36: =(2*(G18+G17)*G22 + (G18*100)*G27)*0*1*100000 | H36: =(2*(H18+H17)*H22 + (H18*100)*H27)*0*1*100000 | I36: =(2*(I18+I17)*I22 + (I18*100)*I27)*0*1*100000
A37: TOTAL RISK R1: Loss of Human Life (Limit RT1 = 1.00 × 10⁻⁵) | B37: R1 (×10⁻⁵) | C37: Sum(RA..RZ) | D37: ×10⁻⁵/yr | E37: =SUM(E31:E36) | F37: =SUM(F31:F36) | G37: =SUM(G31:G36) | H37: =SUM(H31:H36) | I37: =SUM(I31:I36)
A38: TOTAL RISK R2: Loss of Public Service (Limit RT2 = 1.00 × 10⁻³) | B38: R2 (×10⁻³) | C38: IEC Eq. 2 | D38: ×10⁻³/yr | E38: =((E12*E20 + 2*(E18+E17)*E25)*(0.2*0.01*0.1*1) + (E12*E22 + E14*E24 + 2*(E18+E17)*E22 + (E18*100)*E27)*E30)*1000 | F38: =((F12*F20 + 2*(F18+F17)*F25)*(0.2*0.01*0.1*1) + (F12*F22 + F14*F24 + 2*(F18+F17)*F22 + (F18*100)*F27)*F30)*1000 | G38: =((G12*G20 + 2*(G18+G17)*G25)*(0.2*0.01*0.1*1) + (G12*G22 + G14*G24 + 2*(G18+G17)*G22 + (G18*100)*G27)*G30)*1000 | H38: =((H12*H20 + 2*(H18+H17)*H25)*(0.2*0.01*0.1*1) + (H12*H22 + H14*H24 + 2*(H18+H17)*H22 + (H18*100)*H27)*H30)*1000 | I38: =((I12*I20 + 2*(I18+I17)*I25)*(0.2*0.01*0.1*1) + (I12*I22 + I14*I24 + 2*(I18+I17)*I22 + (I18*100)*I27)*I30)*1000
A39: TOTAL RISK R4: Economic Value Loss (Limit RT4 = 1.00 × 10⁻³) | B39: R4 (×10⁻³) | C39: IEC Eq. 4 | D39: ×10⁻³/yr | E39: =((E12*E20 + 2*(E18+E17)*E25)*(0.2*0.01*0.1) + (E12*E22 + E14*E24 + 2*(E18+E17)*E22 + (E18*100)*E27)*(0.0001*0.15))*1000 | F39: =((F12*F20 + 2*(F18+F17)*F25)*(0.2*0.01*0.1) + (F12*F22 + F14*F24 + 2*(F18+F17)*F22 + (F18*100)*F27)*(0.0001*0.15))*1000 | G39: =((G12*G20 + 2*(G18+G17)*G25)*(0.2*0.01*0.1) + (G12*G22 + G14*G24 + 2*(G18+G17)*G22 + (G18*100)*G27)*(0.0001*0.15))*1000 | H39: =((H12*H20 + 2*(H18+H17)*H25)*(0.2*0.01*0.1) + (H12*H22 + H14*H24 + 2*(H18+H17)*H22 + (H18*100)*H27)*(0.0001*0.15))*1000 | I39: =((I12*I20 + 2*(I18+I17)*I25)*(0.2*0.01*0.1) + (I12*I22 + I14*I24 + 2*(I18+I17)*I22 + (I18*100)*I27)*(0.0001*0.15))*1000
A40: Statutory Compliance Verdict (R1 ≤ 1.00e-5 AND R2 ≤ 1.00e-3) | B40: Verdict | C40: IEC 62305-2 Sec 5.3 | D40: PASS / FAIL | E40: =IF(AND(E37<=1,E38<=1),"PASS","FAIL") | F40: =IF(AND(F37<=1,F38<=1),"PASS","FAIL") | G40: =IF(AND(G37<=1,G38<=1),"PASS","FAIL") | H40: =IF(AND(H37<=1,H38<=1),"PASS","FAIL") | I40: =IF(AND(I37<=1,I38<=1),"PASS","FAIL")
A41: IEC 62305-2 Ed.3 Simplified Single-Line Mode R1 (1 Line, No Adj NDJ) | B41: R1_Ed3 (×10⁻⁵) | C41: Ed.3 Single-Line | D41: ×10⁻⁵/yr | E41: =E31+E32+E33+((E18*E26*(0.001*0.01))+(E18*E25*E29))*100000 | F41: =F31+F32+F33+((F18*F26*(0.001*0.01))+(F18*F25*F29))*100000 | G41: =G31+G32+G33+((G18*G26*(0.001*0.01))+(G18*G25*G29))*100000 | H41: =H31+H32+H33+((H18*H26*(0.001*0.01))+(H18*H25*H29))*100000 | I41: =I31+I32+I33+((I18*I26*(0.001*0.01))+(I18*I25*I29))*100000

Sheet MYS_Johor_DataCenter
A1: IEC 62305-2 / BS EN 62305-2 LIGHTNING RISK CALCULATION SHEET — MALAYSIA — JOHOR BAHRU (ISKANDAR) & KL HYPERSCALE DATA CENTER (TD=165)
A2: Governing Standard: MS IEC 62305 / Suruhanjaya Tenaga (Energy Commission Malaysia) | Meteorological Authority: MetMalaysia (Td=165 days/yr, Ng=14.20 fl/km²/yr) | Dual-Line (Power + Telecom) & Adjacent Structure Model
A4: Parameter / Risk Component Description | B4: Symbol | C4: IEC Clause / Ref | D4: Unit / Mode | E4: No Protection | F4: Class IV LPS | G4: Class III LPS | H4: Class II LPS | I4: Class I LPS (Target)
A5: Structure Length | B5: L | C5: Annex A.2 | D5: m | E5: 90 | F5: 90 | G5: 90 | H5: 90 | I5: 90
A6: Structure Width | B6: W | C6: Annex A.2 | D6: m | E6: 65 | F6: 65 | G6: 65 | H6: 65 | I6: 65
A7: Structure Max Height | B7: H | C7: Annex A.2 | D7: m | E7: 26 | F7: 26 | G7: 26 | H7: 26 | I7: 26
A8: Collection Area of Isolated Structure | B8: AD | C8: Eq. A.2 | D8: m² | E8: =(E5*E6)+(6*E7*(E5+E6))+(PI()*9*E7*E7) | F8: =(F5*F6)+(6*F7*(F5+F6))+(PI()*9*F7*F7) | G8: =(G5*G6)+(6*G7*(G5+G6))+(PI()*9*G7*G7) | H8: =(H5*H6)+(6*H7*(H5+H6))+(PI()*9*H7*H7) | I8: =(I5*I6)+(6*I7*(I5+I6))+(PI()*9*I7*I7)
A9: Location Factor of Structure | B9: CD | C9: Table A.1 | D9: factor | E9: 0.5 | F9: 0.5 | G9: 0.5 | H9: 0.5 | I9: 0.5
A10: Thunderstorm Days per Year | B10: TD | C10: Meteorological | D10: days/yr | E10: 165 | F10: 165 | G10: 165 | H10: 165 | I10: 165
A11: Lightning Ground Flash Density | B11: NG | C11: Eq. A.1 / Network | D11: fl/km²/yr | E11: 14.2 | F11: 14.2 | G11: 14.2 | H11: 14.2 | I11: 14.2
A12: Annual Direct Flashes to Structure | B12: ND | C12: Eq. A.4 | D12: events/yr | E12: =E11*E8*E9*0.000001 | F12: =F11*F8*F9*0.000001 | G12: =G11*G8*G9*0.000001 | H12: =H11*H8*H9*0.000001 | I12: =I11*I8*I9*0.000001
A13: Collection Area of Flashes Near Structure | B13: AM | C13: Eq. A.7 | D13: m² | E13: =2*500*(E5+E6)+(PI()*500*500) | F13: =2*500*(F5+F6)+(PI()*500*500) | G13: =2*500*(G5+G6)+(PI()*500*500) | H13: =2*500*(H5+H6)+(PI()*500*500) | I13: =2*500*(I5+I6)+(PI()*500*500)
A14: Annual Flashes Near Structure | B14: NM | C14: Eq. A.6 | D14: events/yr | E14: =E11*E13*0.000001 | F14: =F11*F13*0.000001 | G14: =G11*G13*0.000001 | H14: =H11*H13*0.000001 | I14: =I11*I13*0.000001
A15: Incoming Service Route Length (Power & Telecom) | B15: LL | C15: Table A.2 / E.2 | D15: m | E15: 400 | F15: 400 | G15: 400 | H15: 400 | I15: 400
A16: Line Installation & Environmental Product (CI × CE × CT) | B16: CI·CE·CT | C16: Table A.2–A.4 | D16: factor | E16: 0.01 | F16: 0.01 | G16: 0.01 | H16: 0.01 | I16: 0.01
A17: Adjacent Structure Collection Area & Events (NDJ) | B17: NDJ | C17: Eq. A.5 | D17: events/yr | E17: =E11*52000*0.5*0.2*0.000001 | F17: =F11*52000*0.5*0.2*0.000001 | G17: =G11*52000*0.5*0.2*0.000001 | H17: =H11*52000*0.5*0.2*0.000001 | I17: =I11*52000*0.5*0.2*0.000001
A18: Annual Flashes to & Near Connected Line (NL / NI per service) | B18: NL_P / NI_P | C18: Eq. A.8 / A.10 | D18: events/yr | E18: =E11*(40*E15)*E16*0.000001 | F18: =F11*(40*F15)*F16*0.000001 | G18: =G11*(40*G15)*G16*0.000001 | H18: =H11*(40*H15)*H16*0.000001 | I18: =I11*(40*I15)*I16*0.000001
A19: Touch & Step Voltage Protection Factor | B19: PTA | C19: Table B.1 | D19: prob | E19: 1 | F19: 0.01 | G19: 0.01 | H19: 0.01 | I19: 0.01
A20: Physical Damage Probability (External LPS Class) | B20: PB | C20: Table B.2 | D20: prob | E20: 1 | F20: 0.2 | G20: 0.1 | H20: 0.05 | I20: 0.01
A21: Shock Probability from Direct Flash (PA = PTA × PB) | B21: PA | C21: Eq. B.1 | D21: prob | E21: =E19*E20 | F21: =F19*F20 | G21: =G19*G20 | H21: =H19*H20 | I21: =I19*I20
A22: Coordinated SPD Protection Probability (PC = PSPD × CLD) | B22: PSPD / PC | C22: Table B.3 | D22: prob | E22: 1 | F22: 0.05 | G22: 0.05 | H22: 0.02 | I22: 0.01
A23: LPS Mesh Width & Spatial Shielding Factor (wm) | B23: wm | C23: IEC 62305-3 | D23: m | E23: 0 | F23: 60 | G23: 45 | H23: 30 | I23: 20
A24: Internal Magnetic Surge Probability (PM = PSPD × PMS) | B24: PM | C24: Eq. B.4 | D24: prob | E24: =E22*(((IF(E23>0,0.12*E23,1)*IF(E23>0,0.12*E23,1)*0.0001*(1/4)))^2) | F24: =F22*(((IF(F23>0,0.12*F23,1)*IF(F23>0,0.12*F23,1)*0.0001*(1/4)))^2) | G24: =G22*(((IF(G23>0,0.12*G23,1)*IF(G23>0,0.12*G23,1)*0.0001*(1/4)))^2) | H24: =H22*(((IF(H23>0,0.12*H23,1)*IF(H23>0,0.12*H23,1)*0.0001*(1/4)))^2) | I24: =I22*(((IF(I23>0,0.12*I23,1)*IF(I23>0,0.12*I23,1)*0.0001*(1/4)))^2)
A25: Equipotential Bonding Probability at Line Entrance (PEB) | B25: PEB / PV | C25: Table B.7 | D25: prob | E25: 0.05 | F25: 0.05 | G25: 0.05 | H25: 0.02 | I25: 0.01
A26: Service Line Shock Probability (PU = PTU × PEB × PLD × CLD) | B26: PU | C26: Eq. B.8 | D26: prob | E26: =0.01*E25*1*1 | F26: =0.01*F25*1*1 | G26: =0.01*G25*1*1 | H26: =0.01*H25*1*1 | I26: =0.01*I25*1*1
A27: Induced Line Surge Failure Probability (PZ_P + PZ_T) | B27: PZ_sum | C27: Eq. B.11 | D27: prob | E27: =E22*(0.16+0.08)*0.3 | F27: =F22*(0.16+0.08)*0.3 | G27: =G22*(0.16+0.08)*0.3 | H27: =H22*(0.16+0.08)*0.3 | I27: =I22*(0.16+0.08)*0.3
A28: Loss Factor for Touch & Step Shock (LA1 = rt × LT1 × nZ/nt) | B28: LA1 | C28: Eq. C.1 | D28: loss | E28: 1e-05 | F28: 1e-05 | G28: 1e-05 | H28: 1e-05 | I28: 1e-05
A29: Loss Factor for Physical Fire Damage (LB1 = LV1 = rp×rf×hz×LF1×nZ/nt) | B29: LB1 / LV1 | C29: Eq. C.3 | D29: loss | E29: 8e-05 | F29: 8e-05 | G29: 8e-05 | H29: 8e-05 | I29: 8e-05
A30: Loss Factor for Internal Systems Failure (LC1 / LC2 / LC4) | B30: LC2 (Pub) | C30: Eq. C.8 | D30: loss | E30: 0.01 | F30: 0.01 | G30: 0.01 | H30: 0.01 | I30: 0.01
A31: RA: Injury due to Touch & Step Voltage (Direct Strike S1) | B31: RA (×10⁻⁵) | C31: ND×PA×LA1 | D31: ×10⁻⁵/yr | E31: =E12*E21*E28*100000 | F31: =F12*F21*F28*100000 | G31: =G12*G21*G28*100000 | H31: =H12*H21*H28*100000 | I31: =I12*I21*I28*100000
A32: RB: Physical Fire Damage to Structure (Direct Strike S1) | B32: RB (×10⁻⁵) | C32: ND×PB×LB1 | D32: ×10⁻⁵/yr | E32: =E12*E20*E29*100000 | F32: =F12*F20*F29*100000 | G32: =G12*G20*G29*100000 | H32: =H12*H20*H29*100000 | I32: =I12*I20*I29*100000
A33: RC + RM: Failure of Internal Systems (S1 + S2) | B33: RC+RM (×10⁻⁵) | C33: IEC Table 2 | D33: ×10⁻⁵/yr | E33: =(E12*E22+E14*E24)*0*1*100000 | F33: =(F12*F22+F14*F24)*0*1*100000 | G33: =(G12*G22+G14*G24)*0*1*100000 | H33: =(H12*H22+H14*H24)*0*1*100000 | I33: =(I12*I22+I14*I24)*0*1*100000
A34: RU (Power + Telecom): Injury via Incoming Service Lines (S3) | B34: RU (×10⁻⁵) | C34: 2×(NL+NDJ)×PU×LU1 | D34: ×10⁻⁵/yr | E34: =2*(E18+E17)*E26*(0.001*0.01)*100000 | F34: =2*(F18+F17)*F26*(0.001*0.01)*100000 | G34: =2*(G18+G17)*G26*(0.001*0.01)*100000 | H34: =2*(H18+H17)*H26*(0.001*0.01)*100000 | I34: =2*(I18+I17)*I26*(0.001*0.01)*100000
A35: RV (Power + Telecom): Physical Fire via Service Lines (S3) | B35: RV (×10⁻⁵) | C35: 2×(NL+NDJ)×PV×LV1 | D35: ×10⁻⁵/yr | E35: =2*(E18+E17)*E25*E29*100000 | F35: =2*(F18+F17)*F25*F29*100000 | G35: =2*(G18+G17)*G25*G29*100000 | H35: =2*(H18+H17)*H25*H29*100000 | I35: =2*(I18+I17)*I25*I29*100000
A36: RW + RZ (Power + Telecom): Internal Failure via Lines (S3 + S4) | B36: RW+RZ (×10⁻⁵) | C36: IEC Table 2 | D36: ×10⁻⁵/yr | E36: =(2*(E18+E17)*E22 + (E18*100)*E27)*0*1*100000 | F36: =(2*(F18+F17)*F22 + (F18*100)*F27)*0*1*100000 | G36: =(2*(G18+G17)*G22 + (G18*100)*G27)*0*1*100000 | H36: =(2*(H18+H17)*H22 + (H18*100)*H27)*0*1*100000 | I36: =(2*(I18+I17)*I22 + (I18*100)*I27)*0*1*100000
A37: TOTAL RISK R1: Loss of Human Life (Limit RT1 = 1.00 × 10⁻⁵) | B37: R1 (×10⁻⁵) | C37: Sum(RA..RZ) | D37: ×10⁻⁵/yr | E37: =SUM(E31:E36) | F37: =SUM(F31:F36) | G37: =SUM(G31:G36) | H37: =SUM(H31:H36) | I37: =SUM(I31:I36)
A38: TOTAL RISK R2: Loss of Public Service (Limit RT2 = 1.00 × 10⁻³) | B38: R2 (×10⁻³) | C38: IEC Eq. 2 | D38: ×10⁻³/yr | E38: =((E12*E20 + 2*(E18+E17)*E25)*(0.2*0.01*0.1*1) + (E12*E22 + E14*E24 + 2*(E18+E17)*E22 + (E18*100)*E27)*E30)*1000 | F38: =((F12*F20 + 2*(F18+F17)*F25)*(0.2*0.01*0.1*1) + (F12*F22 + F14*F24 + 2*(F18+F17)*F22 + (F18*100)*F27)*F30)*1000 | G38: =((G12*G20 + 2*(G18+G17)*G25)*(0.2*0.01*0.1*1) + (G12*G22 + G14*G24 + 2*(G18+G17)*G22 + (G18*100)*G27)*G30)*1000 | H38: =((H12*H20 + 2*(H18+H17)*H25)*(0.2*0.01*0.1*1) + (H12*H22 + H14*H24 + 2*(H18+H17)*H22 + (H18*100)*H27)*H30)*1000 | I38: =((I12*I20 + 2*(I18+I17)*I25)*(0.2*0.01*0.1*1) + (I12*I22 + I14*I24 + 2*(I18+I17)*I22 + (I18*100)*I27)*I30)*1000
A39: TOTAL RISK R4: Economic Value Loss (Limit RT4 = 1.00 × 10⁻³) | B39: R4 (×10⁻³) | C39: IEC Eq. 4 | D39: ×10⁻³/yr | E39: =((E12*E20 + 2*(E18+E17)*E25)*(0.2*0.01*0.1) + (E12*E22 + E14*E24 + 2*(E18+E17)*E22 + (E18*100)*E27)*(0.0001*0.15))*1000 | F39: =((F12*F20 + 2*(F18+F17)*F25)*(0.2*0.01*0.1) + (F12*F22 + F14*F24 + 2*(F18+F17)*F22 + (F18*100)*F27)*(0.0001*0.15))*1000 | G39: =((G12*G20 + 2*(G18+G17)*G25)*(0.2*0.01*0.1) + (G12*G22 + G14*G24 + 2*(G18+G17)*G22 + (G18*100)*G27)*(0.0001*0.15))*1000 | H39: =((H12*H20 + 2*(H18+H17)*H25)*(0.2*0.01*0.1) + (H12*H22 + H14*H24 + 2*(H18+H17)*H22 + (H18*100)*H27)*(0.0001*0.15))*1000 | I39: =((I12*I20 + 2*(I18+I17)*I25)*(0.2*0.01*0.1) + (I12*I22 + I14*I24 + 2*(I18+I17)*I22 + (I18*100)*I27)*(0.0001*0.15))*1000
A40: Statutory Compliance Verdict (R1 ≤ 1.00e-5 AND R2 ≤ 1.00e-3) | B40: Verdict | C40: IEC 62305-2 Sec 5.3 | D40: PASS / FAIL | E40: =IF(AND(E37<=1,E38<=1),"PASS","FAIL") | F40: =IF(AND(F37<=1,F38<=1),"PASS","FAIL") | G40: =IF(AND(G37<=1,G38<=1),"PASS","FAIL") | H40: =IF(AND(H37<=1,H38<=1),"PASS","FAIL") | I40: =IF(AND(I37<=1,I38<=1),"PASS","FAIL")
A41: IEC 62305-2 Ed.3 Simplified Single-Line Mode R1 (1 Line, No Adj NDJ) | B41: R1_Ed3 (×10⁻⁵) | C41: Ed.3 Single-Line | D41: ×10⁻⁵/yr | E41: =E31+E32+E33+((E18*E26*(0.001*0.01))+(E18*E25*E29))*100000 | F41: =F31+F32+F33+((F18*F26*(0.001*0.01))+(F18*F25*F29))*100000 | G41: =G31+G32+G33+((G18*G26*(0.001*0.01))+(G18*G25*G29))*100000 | H41: =H31+H32+H33+((H18*H26*(0.001*0.01))+(H18*H25*H29))*100000 | I41: =I31+I32+I33+((I18*I26*(0.001*0.01))+(I18*I25*I29))*100000

Sheet IEC62305_3_4_LPS_SPD
A1: IEC 62305-3 & 62305-4 PHYSICAL LPS DESIGN, ROLLING SPHERE (r), SEPARATION DISTANCE (s) & SPD SCHEDULE
A2: Covers Air-Termination Mesh (wm), Rolling Sphere Radius (r), Rooftop Cooling Tower Rod Protection (rp), Side-Flash Separation (s), and LPZ 0A/1/2/3 SPDs
A4: Regional Facility Profile | B4: Selected LPS Class | C4: Rolling Sphere r (m) | D4: Air Mesh wm (m×m) | E4: Down-Cond. Spacing dw (m) | F4: Total Down-Conductors Ndc | G4: Rooftop Mast Protected Radius rp (m) | H4: Min Separation Distance s (m) | I4: Earthing Grid Resistance RE (Ω)
A5: Hong Kong TKO Hyperscale DC | B5: Class I (LPL I) | C5: 20 | D5: 5 × 5 m | E5: 10 | F5: =CEILING(2*(HKG_DataCenter!E5+HKG_DataCenter!E6)/E5,1) | G5: =SQRT(6*(2*C5-6))-SQRT(3.5*(2*C5-3.5)) | H5: =(0.08/1)*0.44*(HKG_DataCenter!E7+3.5) | I5: =800/(2*SQRT(4*HKG_DataCenter!E5*HKG_DataCenter!E6/PI()))
A6: Indonesia Reference Reference Baseline | B6: Class I (LPL I) | C6: 20 | D6: 5 × 5 m | E6: 10 | F6: =CEILING(2*(IDN_Ref_Baseline!E5+IDN_Ref_Baseline!E6)/E6,1) | G6: =SQRT(6*(2*C6-6))-SQRT(3.5*(2*C6-3.5)) | H6: =(0.08/1)*0.44*(IDN_Ref_Baseline!E7+3.5) | I6: =150/(2*SQRT(4*IDN_Ref_Baseline!E5*IDN_Ref_Baseline!E6/PI()))
A7: Indonesia Cikarang Tropical DC (TD=140) | B7: Class I Enhanced (Metal Roof + Natural Down-Cond) | C7: 20 | D7: 5 × 5 m | E7: 10 | F7: =CEILING(2*(IDN_Cikarang_Tropical!E5+IDN_Cikarang_Tropical!E6)/E7,1) | G7: =SQRT(6*(2*C7-6))-SQRT(3.5*(2*C7-3.5)) | H7: =(0.08/1)*0.44*(IDN_Cikarang_Tropical!E7+3.5) | I7: =120/(2*SQRT(4*IDN_Cikarang_Tropical!E5*IDN_Cikarang_Tropical!E6/PI()))
A8: Malaysia Johor Bahru / KL DC (TD=165) | B8: Class I Enhanced (Metal Roof + Natural Down-Cond) | C8: 20 | D8: 5 × 5 m | E8: 10 | F8: =CEILING(2*(MYS_Johor_DataCenter!E5+MYS_Johor_DataCenter!E6)/E8,1) | G8: =SQRT(6*(2*C8-6))-SQRT(3.5*(2*C8-3.5)) | H8: =(0.08/1)*0.44*(MYS_Johor_DataCenter!E7+3.5) | I8: =150/(2*SQRT(4*MYS_Johor_DataCenter!E5*MYS_Johor_DataCenter!E6/PI()))
A11: IEC 62305-4 Coordinated Surge Protective Device (SPD) & Adiabatic Earthing Schedule
A12: LPZ Boundary | B12: Installation Location (Switchboard / Panel) | C12: SPD Type / Class (IEC 61643-11) | D12: Test Waveform | E12: Min Discharge Rating (LPL I) | F12: Voltage Protection Level Up | G12: Coordinated PSPD Factor | H12: Min Copper Bonding Cross-Section | I12: Statutory Clause Reference
A13: LPZ 0A -> LPZ 1 | B13: LV Main Switchboard (MSB / ACB Incomer) | C13: Type 1 + Type 2 Combined SPD | D13: 10/350 µs + 8/20 µs | E13: Iimp ≥ 25 kA/pole (100 kA total) | F13: Up ≤ 1.5 kV | G13: 0.01 | H13: 50 mm² Cu (Main Earth Bar) | I13: IEC 62305-4 Cl. 7 / Table B.3
A14: LPZ 1 -> LPZ 2 | B14: UPS Input/Output & Data Hall PDU / SDB | C14: Type 2 Coordinated SPD | D14: 8/20 µs | E14: In ≥ 20 kA, Imax ≥ 40 kA/pole | F14: Up ≤ 1.2 kV | G14: 0.01 | H14: 16 mm² Cu | I14: IEC 62305-4 Cl. 7.3
A15: LPZ 2 -> LPZ 3 | B15: Server Rack RPP / Critical BMS & PLC Panel | C15: Type 2 + Type 3 Fine Hybrid SPD | D15: 8/20 µs + 1.2/50 µs | E15: In ≥ 10 kA, Uoc = 6 kV | F15: Up ≤ 0.8 kV | G15: 0.005 | H15: 6 mm² Cu | I15: IEC 62305-4 Annex C
A16: LPZ 0A -> LPZ 1 (Telecom) | B16: MDF / Fiber Metallic Armor & Copper Telecom Entry | C16: Category D1 High-Energy Telecom SPD | D16: 10/350 µs | E16: Iimp ≥ 2.5 kA/line | F16: Up ≤ 0.6 kV | G16: 0.01 | H16: 16 mm² Cu to MET | I16: IEC 61643-21 / IEC 62305-4
A19: IEC 62305-3 Multi-Level Rolling Sphere (r = 20/30/45/60m) Rooftop Cooling Tower Blind-Spot & Separation Distance s = (ki/km)·kc·l Verification Matrix (hrod=6.0m, heq=3.5m, Weq=4.5m, dhoriz=1.5m)
A20: LPS Class / Lightning Protection Level | B20: Rolling Sphere Radius r (m) | C20: Ground Touchdown Reach xc (m) | D20: Protected Radius rp at heq=3.5m (m) | E20: Sphere Arc Height at Equipment Far Edge x=6.0m (m) | F20: Blind-Spot Protrusion Depth Δh_blind (m) | G20: Induction Factor ki (IEC Table 10) | H20: Required Separation s = (ki/km)·kc·l (m) | I20: Blind-Spot & Side-Flash Verdict (d_actual = 1.50m)
A21: Class I LPS (LPL I — PB = 0.02) | B21: 20 | C21: =SQRT(6*(2*B21-6)) | D21: =C21-SQRT(3.5*(2*B21-3.5)) | E21: =IF(6<C21, B21-SQRT(B21*B21-(C21-6)*(C21-6)), 0) | F21: =MAX(0, 3.5-E21) | G21: 0.08 | H21: =(G21/1)*0.44*(27+3.5) | I21: =IF(AND(F21<=0.001, 1.5>=H21), "PASS (Zero Blind Spot & Safe s)", "BLIND SPOT EXPOSED (Δh > 0)")
A22: Class II LPS (LPL II — PB = 0.05) | B22: 30 | C22: =SQRT(6*(2*B22-6)) | D22: =C22-SQRT(3.5*(2*B22-3.5)) | E22: =IF(6<C22, B22-SQRT(B22*B22-(C22-6)*(C22-6)), 0) | F22: =MAX(0, 3.5-E22) | G22: 0.06 | H22: =(G22/1)*0.44*(27+3.5) | I22: =IF(AND(F22<=0.001, 1.5>=H22), "PASS (Zero Blind Spot & Safe s)", "BLIND SPOT EXPOSED (Δh > 0)")
A23: Class III LPS (LPL III — PB = 0.10) | B23: 45 | C23: =SQRT(6*(2*B23-6)) | D23: =C23-SQRT(3.5*(2*B23-3.5)) | E23: =IF(6<C23, B23-SQRT(B23*B23-(C23-6)*(C23-6)), 0) | F23: =MAX(0, 3.5-E23) | G23: 0.04 | H23: =(G23/1)*0.44*(27+3.5) | I23: =IF(AND(F23<=0.001, 1.5>=H23), "PASS (Zero Blind Spot & Safe s)", "BLIND SPOT EXPOSED (Δh > 0)")
A24: Class IV LPS (LPL IV — PB = 0.20) | B24: 60 | C24: =SQRT(6*(2*B24-6)) | D24: =C24-SQRT(3.5*(2*B24-3.5)) | E24: =IF(6<C24, B24-SQRT(B24*B24-(C24-6)*(C24-6)), 0) | F24: =MAX(0, 3.5-E24) | G24: 0.04 | H24: =(G24/1)*0.44*(27+3.5) | I24: =IF(AND(F24<=0.001, 1.5>=H24), "PASS (Zero Blind Spot & Safe s)", "BLIND SPOT EXPOSED (Δh > 0)")

Sheet Campus_MultiBuilding_Batch
A1: MULTI-BUILDING CAMPUS BATCH LIGHTNING RISK & LPS SCHEDULE (SCANNED FROM PDF / DWG / DXF / BIM SITE PLAN)
A2: Standard: IEC 62305-2:2010 Annex A (Eq. A.2 & Table A.1) | Option A Locked: Full Outer Envelope (142.7m × 101.9m × 30.0m, heq=5.1m) + 6-Building Master Campus (v2.5.0)
A4: Building ID & Designation | B4: Facility Classification | C4: Length L (m) | D4: Width W (m) | E4: Height H (m) | F4: Collection Area AD (m²) | G4: Spatial Factor Cd (Table A.1) | H4: Direct Strikes ND (/yr) | I4: Unprotected R1 (×10⁻⁵) | J4: Selected LPS Class | K4: Protected R1 (×10⁻⁵) | L4: Rolling Sphere r / Min Sep s
A5: DCH-01 | B5: Hyperscale Data Hall Alpha (Building A) | C5: 95.6 | D5: 100.2 | E5: 27 | F5: =(C5*D5)+(6*E5*(C5+D5))+(PI()*9*E5*E5) | G5: 0.5 | H5: =IDN_Cikarang_Tropical!$E$11*F5*G5*0.000001 | I5: =(H5*(0.00001 + (0.2*0.01*2*0.02)) + 0.00000069)*100000 | J5: Class I Enhanced (PB=0.01) | K5: =(H5*(0.01*0.01*0.00001 + 0.01*(0.2*0.01*2*0.02)) + 0.00000014)*100000 | L5: ="r=20m / s=" & TEXT((0.08/1)*0.44*(E5+3.5),"0.00") & "m"
A6: DCH-02 | B6: Hyperscale Data Hall Beta (Building B) | C6: 95.6 | D6: 100.2 | E6: 27 | F6: =(C6*D6)+(6*E6*(C6+D6))+(PI()*9*E6*E6) | G6: 0.5 | H6: =IDN_Cikarang_Tropical!$E$11*F6*G6*0.000001 | I6: =(H6*(0.00001 + (0.2*0.01*2*0.02)) + 0.00000069)*100000 | J6: Class I Enhanced (PB=0.01) | K6: =(H6*(0.01*0.01*0.00001 + 0.01*(0.2*0.01*2*0.02)) + 0.00000014)*100000 | L6: ="r=20m / s=" & TEXT((0.08/1)*0.44*(E6+3.5),"0.00") & "m"
A7: SUB-03 | B7: 150kV/20kV GIS Main Substation | C7: 42 | D7: 26 | E7: 11.5 | F7: =(C7*D7)+(6*E7*(C7+D7))+(PI()*9*E7*E7) | G7: 0.25 | H7: =IDN_Cikarang_Tropical!$E$11*F7*G7*0.000001 | I7: =(H7*(0.00001 + (0.2*0.01*2*0.02)) + 0.00000069)*100000 | J7: Class I LPS (PB=0.02) | K7: =(H7*(0.02*0.01*0.00001 + 0.02*(0.2*0.01*2*0.02)) + 0.00000014)*100000 | L7: ="r=20m / s=" & TEXT((0.08/1)*0.44*(E7+3.5),"0.00") & "m"
A8: CUP-04 | B8: Central Utility & Standby Generator Plant | C8: 68 | D8: 34 | E8: 16 | F8: =(C8*D8)+(6*E8*(C8+D8))+(PI()*9*E8*E8) | G8: 0.25 | H8: =IDN_Cikarang_Tropical!$E$11*F8*G8*0.000001 | I8: =(H8*(0.00001 + (0.2*0.01*2*0.02)) + 0.00000069)*100000 | J8: Class I LPS (PB=0.02) | K8: =(H8*(0.02*0.01*0.00001 + 0.02*(0.2*0.01*2*0.02)) + 0.00000014)*100000 | L8: ="r=20m / s=" & TEXT((0.08/1)*0.44*(E8+3.5),"0.00") & "m"
A9: ADM-05 | B9: Administration, NOC & Security Block | C9: 50 | D9: 28 | E9: 19.5 | F9: =(C9*D9)+(6*E9*(C9+D9))+(PI()*9*E9*E9) | G9: 0.5 | H9: =IDN_Cikarang_Tropical!$E$11*F9*G9*0.000001 | I9: =(H9*(0.00001 + (0.2*0.01*2*0.02)) + 0.00000069)*100000 | J9: Class II LPS (PB=0.05) | K9: =(H9*(0.05*0.01*0.00001 + 0.05*(0.2*0.01*2*0.02)) + 0.00000014)*100000 | L9: ="r=30m / s=" & TEXT((0.06/1)*0.44*(E9+3.5),"0.00") & "m"
A10: FUEL-06 | B10: Bulk B40 Diesel Storage Tank Farm | C10: 32 | D10: 18 | E10: 8 | F10: =(C10*D10)+(6*E10*(C10+D10))+(PI()*9*E10*E10) | G10: 0.25 | H10: =IDN_Cikarang_Tropical!$E$11*F10*G10*0.000001 | I10: =(H10*(0.00001 + (0.2*0.1*2*0.02)) + 0.00000069)*100000 | J10: Class I Enhanced (PB=0.01) | K10: =(H10*(0.01*0.01*0.00001 + 0.01*(0.2*0.1*2*0.02)) + 0.00000014)*100000 | L10: ="r=20m / s=" & TEXT((0.08/1)*0.44*(E10+3.5),"0.00") & "m"
A11: CAMPUS TOTAL / MAX | B11: 6 Scanned Campus Structures (All Protected R1 ≤ 1.00e-5) | C11: =SUM(C5:C10) | D11: =SUM(D5:D10) | E11: =MAX(E5:E10) | F11: =SUM(F5:F10) | G11: =AVERAGE(G5:G10) | H11: =SUM(H5:H10) | I11: =MAX(I5:I10) | J11: 100% Campus Compliant | K11: =MAX(K5:K10) | L11: PASS (6/6 Buildings)
